Fecha,Año/Evento
01-01,"1945-  Por iniciativa de  la Secretaría de Trabajo y Previsión a cargo del Coronel Juan Perón, se amplía la jubilación obligatoria para todos  los trabajadores en relación de dependencia.
1947- Inicio del primer Plan Quinquenal.
1950- Año del Libertador General San Martín.
1952- Comienza el año, pasando a poder del Estado la ex Corporación de Transportes de la Ciudad de Buenos Aires.
1956- Desde Colón (Panamá) Perón establece el primer contacto con la Resistencia y envía instrucciones reservadas.
1998- Año de los Municipios.
1999- Año de la Exportación."
02-01,"1949- El Papa Pío XII escribía un mensaje a la señora Eva Perón, bendiciéndola  y elogiando “la caritativa creación e invocando las gracias celestiales sobre su Institución de Ayuda Social, y la labor que realiza”."
05-01,1950- Por decisión del gobierno es otorgado (por intermedio del Banco de Crédito Industrial) un crédito de 15 millones para la fabricación de maquinaria agrícola.
07-01,"1972- La C.G.T. se reúne con el General Lanusse reclamándole la derogación de las leyes represivas, una política efectiva de viviendas, y la reforma de la ley de quiebras para proteger a los trabajadores. La Central Obrera concurre a la entrevista muy presionada por las bases, ante el constante deterioro de los salarios."
08-01,"1945- Se crean los Tribunales del Trabajo que tienen jurisdicción en los conflictos obreros-patronales, para solucionar los problemas generados en este ámbito."
09-01,"1950- El Ministerio de Educación anuncia que se designarán 3.400 maestros, a fin de que colaboren en la campaña de alfabetización que va a emprenderse en toda la República.
En los programas musicales que se transmitan por radio deberá contemplarse como mínimo la propagación de un 50% de música nacional."
11-01,1952- Perón y Evita inauguran en Campana la Fábrica Militar de Tolueno sintético.
14-01,"1947- Se crea la primera Junta Nacional y el Consejo Superior del Partido Peronista.
1951- Son inauguradas más de 40 escuelas sindicales en todo el país. Presiden el acto en el local de la CGT. Perón y Evita.
1953- El Gral. Perón habla a los trabajadores en el curso de interpretación, aplicación y difusión  destinado a conocer y aplicar el 2° Plan Quinquenal."
15-01,"1944- San Juan es destruido por un terremoto que conmueve al país; se habla de 2000 muertos y más de 14.000 heridos. Cerca del 90% de la construcción urbana es apenas un montón de ruinas. Toda la Nación se moviliza en ayuda de las víctimas. La Secretaría de Trabajo y Previsión organiza las tareas de apoyo y una gran colecta popular, recaudándose casi un millón de pesos por día."
17-01,"1959- A comienzo del año varios dirigentes obreros viajan para entrevistarse con Perón en el exilio. El 17  se paraliza el país: gráficos, bancarios, portuarios gastronómicos, metalúrgicos, transportes, textiles, petroleros y demás gremios, realiza un paro general de 48 horas en repudio al gobierno de Frondizi."
19-01,"1955- Queda formalizada la instalación de una fábrica de automotores en Córdoba al firmarse un convenio  entre el IAME y la Kaiser. Producirá camiones, autos, jeeps, camionetas y demás vehículos, que deberán ser totalmente argentinos."
20-01,"1954- Ceremonia en la cual Arpesani, embajador italiano en Buenos Aires, impone a Perón – por orden de su gobierno – la máxima distinción que otorga aquel país: las insignias de Caballero de la gran Cruz, con Gran Cordón al Mérito de la República Italiana."
22-01,"1944- En el festival del Luna Park por los damnificados del terremoto del 15/01/44 de San Juan el Coronel Juan Domingo Perón conoce a Eva Duarte.
1949- Contundente triunfo del peronismo en las elecciones realizadas en la provincia de San Juan."
24-01,"1949- Se reúne, en sesión preparatoria, la Convención Nacional Constituyente bajo la presidencia del Coronel Mercante, Gobernador de la provincia de Buenos Aires."
26-01,"1972- El Partido Justicialista, como expresión orgánica del peronismo proscripto desde 1955  obtiene su personería jurídica."
27-01,"1949-El Presidente Juan Domingo Perón (ante el cuerpo pleno de la Asamblea Constituyente) expone su pensamiento sobre la reforma a la Constitución Nacional, afirmando : ”Lo que el pueblo quiere es eliminar injusticias sociales”.
1952- La nueva provincia de La Pampa recibe el nombre de Eva Perón a iniciativa de sus legisladores y  queda aprobada su Constitución."
28-01,"1951- Triunfo rotundo del peronismo , en las elecciones para legisladores, Intendentes y Concejales en la provincia de Mendoza."
04-02,1955- Expropiación Grupo Bemberg.
06-02,"1947- El gobierno de Juan D. Perón, establece por ley un nuevo régimen del Servicio Exterior, creando la figura de los Agregados Obreros en las Embajadas."
07-02,"1950- Queda constituida la Comisión Nacional de Cooperación Económica, el presidente Perón dirá: “Debemos mantener una posición intermedia entre comunismo y capitalismo. El comunismo es el cataclismo económico y social provocado desde el gobierno. La antítesis de esto es el capitalismo que, por no ceder a la evolución de los tiempos, quedó rezagado en la historia”.
1974. En  la residencia Presidencial de Olivos, el Gral. Perón comienza una serie de encuentros con los dirigentes de la Juventud Peronista."
12-02,"1951- Parte  a la Antártida la primera misión científica argentina, a bordo del Santa Micaela. Perón señala que “empresas como ésta aseguran la posesión de nuestros derecho”."
13-02,1947- El Gral. Perón  nacionaliza los ferrocarriles.
16-02,"1972- Perón propicia la integración de un frente con todos los partidos políticos, el “Encuentro Nacional de los Argentinos” y la “Hora del Pueblo”, sin fines electorales pero con la idea de influir con este nuevo agrupamiento en la aceleración del esquema electoral, e imponer cambios profundos y definitivos en las orientaciones económicas y sociales. Además de los partidos políticos  componen este nucleamiento  la C.G.T. y la C.G.E."
18-02,"1952- El gobierno anuncia la el Plan económico. Al exponer los lineamentos generales del mismo para este año, el general Perón exhorta a elevar la producción y racionalizar el consumo."
19-02,1948-  Se   inaugura  el Ferrocarril Transandino del Norte (Salta –Antofagasta)
20-02,"1953- Perón se entrevista en Chile con el general Ibañez.
El pueblo chileno  recibe al mandatario argentino con enormes manifestaciones de simpatía, a  lo largo de todo el país."
21-02,"1947- Se inicia la construcción del gasoducto Comodoro Rivadavia – Buenos Aires: 1.700 Km. de obra, sobre todo terreno y venciendo increíbles dificultades, incluso fuertes presiones extranjeras.
1953- El Gral. Perón firma en Santiago con el Presidente Gral. Carlos Ibañez del Campo, las actas de la Unión Económica (base fundamental del proyecto de Perón llamado ABC –Argentina, Brasil y Chile-, que es el antecedente más importante del Mercosur). El ABC no pudo funcionar por las presiones recibidas por Getulio Vargas (en ese momento Presidente de Brasil) que fueron tan extremas que finalmente- poco tiempo después- se suicida."
22-02,"1946- Aparición del folleto “Donde Estuvo” firmado por Bill de Caledonia. Este folleto, escrito por el coronel Juan Domingo Perón, bajo el seudónimo de referencia cuenta las peripecias y viscisitudes vividas por Perón, a partir de su prisión y confinamiento en la isla  Martín García hasta su liberación el 17 de octubre de 1945.
Ese mismo día Perón da a conocer el libro “Azul y Blanco”, en respuesta al embajador  norteamericano Spruile Braden."
23-02,"1958- Elecciones generales con el peronismo proscrito. El general Perón ordena votar a Frondizi, quien gana."
24-02,"1946- Triunfo rotundo de la fórmula Perón – Quijano  por el 54% sobre Tamborini-Mosca. - coalición de fuerzas liberales y el partido comunista (EEUU y la URSS estaban de luna de miel a raiz de  los pactos de Yalta y de Postdam ) nucleadas en torno a la Unión Democrática . Contó con enorme ayuda  económica de las distintas fuerzas empresariales , fuerte apoyo de los EEUU, la unanimidad del periodismo escrito y la mayoría de las radios. Por primera vez y en muchos años el país vota sin fraude, con tropas militares custodiando los comicios de toda la República. El recuento de votos emitidos se hará – también por primera vez -, en la misma mesa electoral, apenas concluidos los comicios, frente a los fiscales de todos los partidos políticos"
24-02,"1947- Perón proclama los Derechos del Trabajador desde el Teatro Colón, derecho al trabajo, a una justa distribución, a la capacitación, a condiciones dignas de trabajo y de vida, a la salud, al bienestar, a la seguridad social, a la protección de la familia, al mejoramiento económico, a la defensa de los intereses profesionales. El acto fue organizado por la C.G.T."
26-02,"1944- El Presidente  de la Nación General Edelmiro J.Farrel nombra al Coronel Perón  Ministro de Guerra.
1953- En Las Cuevas, Mendoza, los Presidentes de Argentina y Chile, inauguran el Complejo turístico Eva Perón, monumental Villa que ha construido la Fundación Social que lleva  su nombre."
27-02,"1875- Nace Manuel Ugarte. Pensador profundo, escritor y ensayista. En su obra “La Patria Grande” desarrolla con extraordinaria lucidez la necesidad de la Integración  Latinoamericana.
1947-El gobierno reafirma los  derechos  de la Argentina sobre las Islas Malvinas y la Antártida. 
El gobierno dispone la entrega  de 60 millones de pesos para edificios universitarios.
1951- Perón inaugura el Velódromo municipal. Se disputarán en él, las pruebas de ciclismo de los Primeros Juegos Deportivos Panamericanos.
Ese día, un conflicto entre obreros y el diario La Prensa termina a balazos. Hay varios heridos y un muerto. El problema enfrenta a la empresa con el Sindicato de Vendedores de diarios, revistas y afines. La CGT dispone un paro de repudio hacia el matutino."
01-03,"1948- Se toma posesión de los FF.CC
1964- Comienza el plan de lucha con ocupaciones de las fuentes de trabajo y establecimientos patronales, dispuesto por la Confederación General del Trabajo.
1967- Paro de 24 horas de la CGT, en contra de la política del gobierno de Onganía.
Son ocupadas simultáneamente más de 300.000 empresas por sus trabajadores. El gobierno y  la patronal amenazan con la cárcel y la represión. “Van a tener que ponerle rejas al país”, dice José Alonso, Secretario General de la CGT. El acatamiento es masivo y el país queda virtualmente paralizado."
05-03,"1950- Rotundo triunfo peronista en elecciones de la provincia de Entre Ríos.
1956-La dictadura Militar de Aramburu-Rojas emite el Decreto 4161.
Dice textualmente en su parte central:
“Considerando: Que en su existencia política,  el Partido Peronista ofende el sentimiento democrático del pueblo argentino, el Presidente provisional de la Nación Argentina, en ejercicio del Poder  Legislativo , decreta con fuerza de ley:
(...)
Art. 10: Queda prohibido en todo el territorio de la Nación:
a)  La utilización de propaganda peronista.Se considerará especialmente violatoria de esta disposición, la utilización de la fotografía, retrato o escultura de los funcionarios peronistas o de sus parientes, el escudo y la bandera peronista, el nombre propio del presidente depuesto, el de sus parientes,las expresiones “peronismo”, “peronista”, “justicialismo”, “justicialista”, “tercera posición”, la abreviatura “PP”, las fechas exaltadas por el régimen depuesto, las marchas de “los muchachos peronistas” y “Evita Capitana”, el libro “La razón  de mi vida” y los discursos del presidente depuesto y su esposa.
b)  La utilización de imágenes, símbolos y signos creados o por crearse, que pudieran ser tenidos por alguien con los fines establecidos en el inciso anterior.”"
06-03,1950- Perón inaugura escuelas: ”Es función del educador formar hombres buenos y justos” manifiesta.
07-03,"1948- Las elecciones arrojan un amplio triunfo Peronista, las que se realizan para elegir 83 legisladores en 11 distritos electorales. Solo en la Capital Federal aventaja a los radicales en 182.259 votos, y por más de 200.00 en la provincia de Buenos Aires.
1949- Se expropian las existencias de papel para diarios, a efectos de solucionar el desabastecimiento e impedir que muchos periódicos no puedan aparecer. Se limitan el número de páginas, según el precio de los ejemplares."
08-03,1963- La Unión Popular obtiene su Personería jurídica con alcance nacional.
09-03,"1952- El presidente y su esposa inauguran el autódromo 17 de octubre, que fuera prometido poco tiempo atrás a los automovilistas argentinos y extranjeros que competían en nuestro país."
11-03,"1949- Sanción de la nueva Constitución. En la misma se incorporan a la parte dogmática los derechos del trabajador, de la familia, de la ancianidad y de la Educación y la Cultura.
1952- El Instituto Aerotécnico de Córdoba, creación del gobierno Justicialista, expone 3 tipos de automóviles a fabricarse en sus plantas, entre ellos el Sedan Institec, económico y elegante vehículo. Esta máquina será totalmente argentina, con block de arrabio fabricado en Zapla Jujuy.
1973- Cómoda victoria peronista en los comicios. Termina un duro período de 17 años de persecuciones y atropellos, con la fórmula  Héctor Cámpora-Vicente Solano Lima que triunfa por el 49% de los votos (Cámpora al gobierno, Perón al poder, era el lema de la militancia ).El FREJULI (Frente Justicialista de Liberación) fue el instrumento electoral  utilizado por el peronsimo en  esta circunstancia, del que formaron parte otros partidos menores."
12-03,1950- Rotundo triunfo peronista en elecciones de las provincias de Tucumán y Buenos Aires.
13-03,"1960-Se pone en marcha  el Plan Conintes (Estado de conmoción interna), que fuera un decreto secreto (N°9880) de fecha  14 de noviembre de 1958. Este plan fue uno de los instrumentos represivos  más feroces  aplicados por la dictadura militar que derrocó al gobierno peronista en 1955.
1950- El Gral. Perón habla a los futuros hombres de la nueva argentina, que son los participantes del primer Campeonato Argentino de fútbol Infantil Evita”"
14-03,"1947- El gobierno del Gral. Perón aprueba de la religión Católica por ley  la enseñanza  de la religión Católica  en las escuelas .
1965- El Peronismo (a través de la Unión Popular) gana elecciones provinciales. El Peronismo proscripto gana en 9 provincias  y obtiene 44 diputados nacionales. El voto en blanco triunfa en todo el país y el candidato radical Arturo Illia, con el 24 % de los votos asumirá poco después la presidencia."
16-03,"1949- Se proclama la Nueva Constitución.
1951- En sesiones extraordinarias el Congreso Nacional designa una Comisión bicameral interventora e investigadora del diario La Prensa."
17-03,"1953- Perón inaugura la Universidad Obrera Nacional, en la calle Medrano 951; “Desde 1.945 entreví esta obra que elevará aún más la cultura de nuestro pueblo”. Unos días después dirigiéndose a los inspectores de enseñanza , insistirá en lo que ha dicho muchas veces: “Nuestro objetivo fundamental es la unidad nacional”."
18-03,"1948- Se nacionalizan los teléfonos.
1962- El compañero  Andrés Framini gana elecciones en la Provincia de Buenos Aires. El día  21, el gobierno de Arturo Frondizi  anula la elección."
20-03,1955- Rotundo triunfo del peronismo en elecciones para gobierno y legisladores de la provincia de Misiones.
22-03,1955- El Gral. Perón hace entrega de los premios a los ganadores de los campeonatos infantiles “Evita” y juveniles “Juan Perón”.
23-03,"1950- Queda concluido el padrón femenino con casi 4 millones de inscriptas.
1962- Las 62 organizaciones ordenan un paro general, en defensa de la voluntad popular desconocida con la anulación de los comicios, por parte del gobierno de Arturo Frondizi."
24-03,"1976-Es derrocado el gobierno de Isabel Perón, a través de un golpe militar, se interrumpe el Proceso Constitucional, se instaura el llamado “Proceso de Reorganización Nacional”. Comienza una de las dictaduras más sangrientas de América latina y de las que haya memoria en nuestro país. Se habla de 30.000 desaparecidos, presos políticos (entre ellos el compañero Carlos Menem), miles de exiliados , desterrados , perseguidos, torturados , la gran mayoría de ellos compañeros peronistas.
1951- Perón anuncia que el 16 de febrero, en la planta piloto de energía atómica de la Isla Huemul, San Carlos de Bariloche, se han llevado a cabo reacciones termonucleares bajo condiciones de control en escala técnica, bajo la dirección del científico Ronald Ritcher."
25-03,"1946- Por decreto del presidente Farrell es nacionalizado el Banco Central, a “fin de poner sus enormes recursos al servicio de la economía nacional”. La medida será convertida en Ley por el gobierno de Perón.
1947- Unos 100.000 funcionarios levantan el censo sobre industria, comercio, transporte y comunicaciones en todo el país dispuesto por el gobierno nacional.
1977-Desaparece el escritor y periodista Rodolfo Walsh, quien
Había sido jefe de redacción del periódico de la CGT de los Argentinos y autor de los libros “Operación Masacre” y”¿Quién mató a Rosendo?."
26-03,1950- Rotundo triunfo del peronismo en San Luis en elecciones para elegir gobernador y vice.
27-03,"1953- Desde el teatro Colón, Perón anuncia el lanzamiento del 2° Plan Quinquenal.
1960- Elecciones en todo el país para renovar parcialmente la cámara de Diputados. La expresión del peronismo proscrito, el voto en blanco, vuelve a ser mayoría."
29-03,1962- Es derrocado el Presidente Arturo Frondizi.
31-03,"1955- Clausurando el Congreso de Productividad y Bienestar Social, dice Perón: ”Comienza una nueva era de las relaciones entre las empresas y sus trabajadores, en el mundo entero. Quiera Dios que ilumine a los argentinos la idea permanente de que las grandes construcciones han de hacerse en conjunto entre los trabajadores y los empresarios”."
03-04,"1950- Son embargados por más de 120 millones los activos del grupo financiero Bemberg.
1952- Muere el Vicepresidente de la República, Dr.  Hortensio J.QUIJANO, quien no llega a ocupar su cargo por segunda vez."
04-04,"1946- El triunfo popular es festejado en la Plaza de la República. El candidato triunfante (Juan Perón) habla al pueblo reunido: “Al enviarles un abrazo les hago un pedido en nombre de la Patria, y es que nos propongamos firmemente trabajar por ella, olvidando los agravios y considerando a todos los argentinos como hermanos”.
1972- Una manifestación de 10.000 personas reclamando por la suba de tarifas eléctricas, se transforma en una sucesión de violencia, similar a la acontecida en Córdoba y Rosario"
05-04,"1946- Al proclamarse en el recinto de Diputados a los candidatos electos en Capital Federal, la minoría radical se retira.
1955- Perón anuncia la próxima provincialización de los territorios nacionales de Río Negro y Formosa."
09-04,"1948- Se firma un protocolo con España para ampliar el convenio de cooperación entre ambos países.
1949-  El Gral. Perón clausura en Mendoza el Primer Congreso Nacional de Filosofía donde expone sobre “La Comunidad  Organizada”."
10-04,"1949- Elecciones en Santiago, Catamarca y La Rioja para elegir gobernador y legisladores, triunfa el peronismo ampliamente.
1963- Por decreto el gobierno de Guido, sucesor de Frondizi,  establece que el nombre de Perón o Peronismo, así como cualquier otro símbolo o denominación afín, quedan prohibidos bajo pena de perder todo derecho político quienes lo utilicen con fines electoralistas. (Una reedición recalentada del decreto 4161)"
12-04,"1951- La Cámara de  Senadores dispone la expropiación del diario La Prensa por: ”deformación tendenciosa de la verdad y restar de todo derecho a mejoras a su personal”, reafirmando la resolución de la Cámara de Diputados del día anterior.
1953- Las nuevas provincias de Chaco y La Pampa realizan elecciones  para designar autoridades, imponiéndose en ambas el Partido Peronista por amplio margen."
13-04,1954- Perón inaugura en Ezeiza un Hogar Escuela construido por la Fundación. El edificio tiene una  capacidad para albergar 1.700 niños.
15-04,"1953- La CGT organiza un acto de apoyo al general Perón  en Plaza de Mayo. Se produce el primer acto terrorista político durante un gobierno constitucional, con víctimas humildes.
Elementos terroristas colocan bombas entre la multitud, ocasionando 5 muertos , 93 heridos y 20 lisiados permanentes.
Los muertos son:
Santa Festiggiatta de D´Amico (de 84 años de edad);
Mario Pérez;
León  Daniel Roumeaux;
Osvaldo Mouché y
Salvador Manes.  

Los terroristas  que colocaron la carga explosiva son:
Dr. Francisco de Elizalde,
Roque Carranza,
Germán López,
Arturo Matas,
Miguel Angel Zavala Ortiz,
Patricio Cullen,
Vicente Centurión,
Ernesto Lanusse,
Emilio de Alzaga,
Jorge Fauzán Sarmiento,
Jorge Firmat Lamas
1971- La CGT se entrevista con Lanusse, el Secretario General de la Central Obrera, José Ignacio Rucci,  para evitar confusiones aclara a Lanusse que el 90% de los dirigentes gremiales son peronistas porque las bases también lo son.  Pregunta sobre los restos de Evita, Lanusse se compromete a que retornarán a su tierra."
17-04,"1944- El gobierno nacionaliza la Compañía primitiva de Gas, anunciando inmediata disminución de tarifa. El Gral. Farrel era Presidente y el Coronel Perón Ministro de Guerra y Secretario de Trabajo y Previsión.
  1947- Queda establecida, como materia ordinaria en los planes de estudio, la enseñanza religiosa en las escuelas.
1953- Perón inaugura los cursos de Conducción Sindical de la Confederación General del Trabajo."
19-04,1974-  Juan Domingo Perón inaugura los cursos de Doctrina Justicialista en el Teatro General San Martín.
23-04,"1949-  El Gral. Perón inaugura en el Teatro Colón el curso de política Alimentaria Argentina, organizado por el Dr. Ramón Carrillo."
24-04,1946-  El Gobierno nacionaliza los depósitos bancarios.
25-04,"1954- Triunfo rotundo del peronismo similar al del 52, en elecciones nacionales para elegir legisladores y cubrir el cargo de Vicepresidente a raíz de la muerte de Quijano, siendo electo Teisaire."
27-04,"1979- Primera huelga contra la dictadura militar. La “Comisión de los 25”, sector vinculado al peronismo combativo es la que organiza esta manifestación de repudio a los militares y reclama legítimas reivindicaciones de los trabajadores. A raíz de la misma caen presos sus principales dirigentes. Llegan numerosas muestras de adhesión  y solidaridad de organizaciones de trabajadores de todo el mundo."
28-04,1971- José Ignacio Rucci (Secretario General CGT) informa que viaja a Madrid a entrevistarse con Perón.
30-04,"1955- Comienzan las obras del Monumento a Eva Perón, frente a la residencia presidencial, sobre avenida del Libertador casi Agüero."
01-05,DIA DEL TRABAJADOR
01-05,"1944- Con motivo de la fiesta del trabajador el Coronel Perón  habla el 1ro. de mayo y denuncia, “ la infiltración de ideologías extrañas en el gremialismo argentino”.
Perón  aboga por la unidad nacional, para referirse luego al sentido social de la Revolución de la que sostiene: ”Fue el clamor de la calle, del taller y del campo que llegó hasta las Fuerzas Armadas, las que respondieron patrióticamente , precedidas en su marcha por el mismo pueblo que las aclama”
1948- Perón señala la necesidad de reformar la Constitución Nacional a fin de adecuarla a los nuevos tiempos. Manifestó que el justicialismo que el aplicaba era “una filosofía de vida, simple, práctica, profundamente cristiana y profundamente humanista”
1950- El Congreso Nacional asciende al Gral. Perón a General de División.
1950- Perón: “Estamos alejados de los extremismos ideológicos , y nuestra Tercera Posición es el abandono de la economía libre y de la economía dirigida, por un sistema de economía social en que se ponga el capital al servicio de la economía”.
1952- Evita pronuncia su último mensaje al pueblo en la concentración popular en Plaza de Mayo.
1958- Asume Frondizi, ante una Plaza de Mayo casi vacía, donde el público asistente corea el nombre de Perón y lanza globos al aire con su efigie."
03-05,1945- se le otorga al Banco Central la facultad de control de cambio.
04-05,"1944- Perón es designado titular del Ministerio de Guerra.
1949- Cuatro empresas de aeronavegación son incorporadas al Estado: Aeroposta, Zonda, zonas oeste y norte de Aerolíneas y Alfa, rescatando acciones de capital privado. Estas compañías quedarán aglutinadas en FAMA, Flota Aérea Mercante Argentina."
06-05,1950- Se realiza un Censo de Analfabetos en todo el país.
07-05,"1919- Nacimiento de Evita. Abanderada de los Humildes. María Eva Duarte nace en “Los Toldos”, Provincia de Buenos Aires."
08-05,"1949- Nuevo triunfo Electoral en Santa Fe.
1954- Alberto TEISAIRE presta juramento como Vice Presidente de la Nación."
10-05,"1947- Se realiza censo sobre población, vivienda, edificios y agropecuario. Intervienen 450.00 personas.
1963- El gobierno manifiesta que se mantiene en vigencia el Plan Conintes.(Conmoción interna de Estado) que es el instrumento represivo  ."
11-05,1955- Perón inaugura los cursos de Conducción sindical en la CGT.
13-05,1949- La empresa marítima Dodero pasa a poder del estado.
14-05,1949- Quedará nacionalizado el último ferrocarril extranjero en el país: el F.C. Central de Buenos Aires.
18-05,1954- Se inicia la construcción del gran oleoducto Campo Durán-Litoral : 1.490 Km. De extensión . La tubería podrá transportar 10.000 metros cúbicos diarios y sus caños serán construidos íntegramente en fabricas argentinas . Es otra obra del plan Quinquenal.
20-05,"1955- El Congreso Nacional sanciona una Ley que declara necesaria la reforma parcial de la Constitución, y establece 180 días para que sea convocada la elección de los constituyentes que habrán de considerar dicha reforma."
21-05,"1947- Los Presidentes Juan Perón
1969- El Rosariazo. Trabajadores y estudiantes repudian la muerte a manos de las fuerzas represivas de un  estudiante universitario en Corrientes. La marcha es violentamente reprimida  y muere otro estudiante universitario en Rosario. 
El Gral. Perón y el Presidente Eurico Gaspar Dutra del Brasil inauguran un Puente Internacional entre Paso de los Libres y Uruguayana."
23-05,"1946- Se disuelve el Partido Laborista, la Unión cívica Radical- Junta Renovadora y los Centros cívicos Independientes."
24-05,"1951- Queda habilitado el flamante ferrocarril de Río Turbio, trazado en 5 meses. Van a comprarse también 32 modernas locomotoras diesel  eléctricas  de 300 caballos y 600 vagones especiales para transportar 6.000 toneladas diarias de carbón, Así mismo se anuncia la licitación de obras para el puerto de Río Gallegos."
25-05,"1973- CAMPORA presta juramento como Presidente de la Nación con Vicente SOLANO LIMA  como Vicepresidente por el FREJULI (Frente Justicialista de Liberación).
1974- Muere Arturo Jauretche, pensado, escritor, autor de diversos libros , ensayos, artículos e investigaciones históricas  de reafirmación del pensamiento nacional."
28-05,1946-Se crea el Instituto argentino par al promoción del Intercambio (IAPI); y el Instituto Mixto de Reaseguros obteniendo así el estado el monopolio de los reaseguros.
29-05,"1969- El Cordobazo.
1970- Secuestro de Aramburu."
30-05,"1946- El Coronel Juan Domingo Perón es ascendido a General de Brigada.
1954- Fallece en Comodoro Rivadavia la madre de PERON, Doña Juana SOSA TOLEDO de PERON.
1959- Muere Scalabrini Ortíz.
1974- Perón presenta el “ Modelo Argentino para el Proyecto Nacional”."
31-05,1950- El gobierno de Juan Domingo Perón crea la Comisión Nacional de Energía Atómica.
01-06,"1948- Se firma el Estatuto de los empleados bancarios.
1950- Se crea la Comisión de Energía Atómica, para desarrollar en el país los estudios sobre la materia y aplicar sus resultados hacia fines industriales y que hagan a la defensa nacional.
1966- La Cámara Nacional Electoral revoca la Personería política del Partido Justicialista."
03-06,1948- La Cámara de Diputados de la Nación ratifica nuestra soberanía sobre la Antártida.
04-06,"DIA DE LA REVOLUCION
 
1943- El viernes 04 de junio, tropas militares marchan sobre Buenos Aires deponiendo al presidente Ramón S. Castillo. La revolución militar pone fin a la “década Infame” del modelo neocolonial. En el ámbito militar, el Grupo Obra de Unificación (GOU), del cual el coronel Juan Domingo Perón es una de sus líderes, tuvo un papel trascendente en dicho pronunciamiento, ya que Perón es el autor y redactor de puño y letra de la proclama revolucionaria del 4 de junio.
1946- Asumen la nuevas autoridades del país, bajo la presidencia del Juan Domingo Perón. El gabinete queda integrado de la siguiente forma: Interior, Angel Borlenghi; Justicia e Instrucción Pública, Gache Pirán; Relaciones Exteriores, Juan Atilio Bramuglia; Hacienda, Ramón Cereijo; Obras Públicas, General Juan Pistarini; Agricultura, Juan Picazo Elordy; Guerra, General Hugo Sosa Molina y Marina, almirante Fidel Anadón.
1952- PERON reelegido Presidente de la Nación jura a su cargo ante la Asamblea Legislativa."
05-06,"1953- Perón inaugura otra obra de gobierno, el viaducto de Sarandí, considerado uno de los más importantes del mundo en su tipo."
06-06,"1945- El General Farrell, hablando en el banquete anual de las Fuerzas Armadas, anuncia elecciones generales de toda la República para antes de fin de año para antes de fin de año. El Coronel PERON dice que “los problemas argentinos se resuelven entre argentinos. Hay que evitar que nuestros criollos y sufridos trabajadores sigan siendo bestias de carga. Hay que evitar que se venda al extranjero, el patrimonio nacional”.
1946- Se establecen relaciones diplomáticas con la Unión Soviética.
1949- El Ministerio de Marina informa sobre las obras de los astilleros en construcción en la zona de Río Santiago. “Este año, tendremos la satisfacción de colocar la primera quilla a un barco argentino,” anticipa el ministro."
07-06,1943- El Coronel Juan Perón es designado Jefe de la secretaría del Ministerio de Guerra.
08-06,1947- Eva Perón llega a Madrid. En España recibe la máxima condecoración  española (La Gran Cruz de Isabel la católica). Se produjo en España una de las manifestaciones populares más extraordinarias de que tenga memoria Madrid.
09-06,"1956-DIA DE LA RESISTENCIA
Movimiento cívico-militar de Recuperación Nacional encabezado por los Generales Juan José Valle y Raúl Tanco.
Fuerzas militares y civiles se levantan contra el gobierno de facto de Aramburu , intentando devolver el poder al pueblo. En La Plata el coronel Cogorno se apodera de un regimiento."
10-06,"1944-  Perón inaugura la Cátedra de Defensa Nacional en la Universidad Nacional de La Plata y perfila, lo que más tarde serían las bases sobre las que se constituirá el Movimiento Nacional Justicialista.
1956- Por la madrugada, en un basural existente en la intersección de la calle 9 de julio y la avenida Márquez de la localidad de José León Suárez. Una comisión policial condujo hasta allí a los prisioneros y les disparó sorpresivamente
Carlos Alberto Lisazo – Nicolás Carranza – Francisco Garibotti - Mario Brion – Vicente Rodríguez.
 Asesinato de compañeros en Lanús."
11-06,"1953- Dirigiéndose a trabajadores agropecuarios, el Presidente  Perón dirá: “No debemos un centavo a nadie y estamos haciendo una reforma agraria sin violencia”"
12-06,"1956- El General Juan José Valle, a las 22 Hs. era  criminalmente ejecutado en el patio central de la cárcel de Las Heras.
1974- Ultimo discurso de Perón, en Plaza de Mayo."
13-06,"1947- Se crea el Plan Siderúrgico Nacional.
1955- El Presidente Perón habla al país, refiriéndose a lo sucedido. Señala que siempre se ha buscado la tranquilidad de la paz y el trabajo, pero que “desgraciadamente, cierto sector del clero, con cuyo materialismo y soberbia se ha solidarizado ahora prácticamente toda la jerarquía eclesiástica, no pudo ser persuadido por nuestra acción”."
14-06,"1955- La CGT efectúa un paro de 9 horas, a partir de las 15, en apoyo del gobierno nacional, concentrándose frente al Congreso.  En este acto hablara el Caudillo diciendo: “he de hacer cumplir la ley sin violencia, con prudencia... Precisamente, la tranquilidad del pueblo argentino descansa en la seriedad y la prudencia del mismo pueblo y  el  nuestro esta dando al mundo un ejemplo de sabiduría”."
16-06,"1946- Se rescata la deuda externa del país, evitando en el futuro el empleo de divisas para atender servicios de intereses que sólo en 1946 superan los 20 millones.
1948- Se crea la Universidad Obrera por medio de la Ley N°13229. Afirma Perón “Hemos  creado la Universidad Obrera  para formar los técnicos del porvenir”
1955- En abortado golpe militar, decenas de aviones de la Marina de Guerra bombardean y ametrallan al Pueblo en la Plaza de Mayo, la consigna era “Matar a Perón”. Minutos después del ultimo ataque, que ha durado mas de cuatro horas, el general Perón se dirige al país: ”La lucha debe ser entre soldados. Yo no quiero que muera un solo hombre mas del pueblo. Yo les pido a los compañeros trabajadores que refrenen su propia ira; que se muerdan, como me muerdo yo en estos momentos; que no cometan ningún desmán. No nos perdonaríamos nosotros que a la infamia de nuestros enemigos le agregáramos nuestra propia infamia”.
A raíz  de estos bombardeos, mueren más de trescientos setenta  hombres y mujeres peronistas que se habían congregado en la Plaza de Mayo."
18-06,"1948- El gobierno de Perón ratifica por ley la adhesión de la república Argentina a la Organización de las naciones Unidas para la Educación , la Ciencia y la Cultura  (UNESCO)."
19-06,"1948- Se crea la fundación Ayuda Social María Eva Duarte de Perón, la que creó siete grandes policlínicos, catorce Hogares -Escuela , numerosos Hogares de ancianos y de Tránsito, Unidades Turísticas, Comedores Universitarios, la Ciudad infantil y la ciudad estudiantil, la escuela de enfermeras y  diversas actividades relacionada con la extraordinaria sensibilidad social de EVITA y su enorme vocación de servicio. Con el tiempo fue popularmente denominada “La Fundación”."
20-06,"1949- Quedan suprimidos los aranceles universitarios, “para que la enseñanza superior esté al alcance de todos los jóvenes que anhelan ilustrarse para el bien del país”, dice Perón.
1973- Retorno  definitivo de PERON a la Argentina. Se produce  una concentración nunca vista en la historia Argentina. En Ezeiza un enfrentamiento armado deja como saldo decenas de muertos y el avión en el que viajaba el Gral. Perón  tiene que aterrizar en Morón, por seguridad."
21-06,1973- Perón convoca a todos los argentinos para la Reconstrucción Nacional.
23-06,"1955- El general Perón en un mensaje a todo el país : “Hago un llamado a los argentinos para que depongan toda actitud beligerante, con el fin de evitar luchas y males mayores. Solo la esclavitud de la ley asegura la libertad. Buscarla por la violencia conduce siempre a males mayores”."
26-06,"1970- Muere Leopoldo Marechal, escritor y pensador nacional."
27-06,Evita visita en El Vaticano al Sumo Pontífice Pío XII y recibe para el General Perón la condecoración de la Gran Cruz de San Gregorio Magno.
28-06,1966- Cae el gobierno de Arturo Illia.
30-06,"1948- El gobierno de Juan Perón aprueba el ingreso de argentina a la Organización Mundial de la Salud (OMS).
1969- Es asesinado Augusto Vandor en el local de la Unión Obrera Metalúrgica."
01-07,"1947- Quedan congelados los precios de los medicamentos. Perón lanza una campaña contra el agio y la especulación. Se crea el Consejo Económico Social.
1973- Muere Gustavo Rearte, dirigente de la Juventud peronista, de participación en la resistencia.
1974- Muere el General Juan Domingo Perón, siendo Presidente de la República por tercera vez."
02-07,"1947- Evita es recibida en Roma solemnemente por el Presidente de la República Italiana Enrico de Nicola.
1943- De acuerdo a la Ley 12.591 queda establecida la Cámara de Alquileres, organismo que tendrá a su cargo la regulación de los arrendamientos. Disponiéndose además una rebaja de los mismos."
03-07,1947-Evita es recibida en Roma por el Primer Ministro Alcides de Gásperi.
06-07,"1947-El Presidente Perón anuncia por una red de radio nacional e internacional la contribución argentina a la paz mundial.
1953- El General Ibañez del Campo (Presidente de Chile) visita la Argentina, firmándose el tratado de unión económica entre ambos países."
08-07,"1944- El Coronel  Juan Perón  es designado Vicepresidente  de la República  con retención d ellos cargos de Ministro de Guerra y  de Secretario de Trabajo Previsión.
1948- El decreto 20564 otorga Personería Jurídica a la  Fundación Eva Perón energía y acción en favor de los más humildes.
1989- Asume la Presidencia de la República el Dr. Carlos Saul Menem, seis meses antes de lo previsto constitucionalmente por abandono del gobierno de su antecesor Raúl Alfonsín."
09-07,"1947- Como una prueba del espíritu que anima la política económica del gobierno peronista, todos sus integrantes reunidos con el presidente Perón declaran  la Independencia Económica de la Argentina con la creación del IAPI. En el mismo lugar que 130 años atrás se declara la Independencia Política del país, en Tucumán. Perón y el Presidente de Chile González Videla se entrevistan . Quedará posteriormente signado un acuerdo sobre delimitación de la Antártida y elaboración del salitre."
11-07,1900- Nace Leopoldo Marechal.
12-07,"1948- Reconocimiento Jurídico a Futbolistas Argentinos Agremiados.
1973- En un almuerzo ofrecido por legisladores justicialistas, los doctores Cámpora y Solano Lima firman sus renuncias como gobernantes: “Devolveremos a Perón el mandato que nos dio el 11 de marzo”; tras ellos, lo hace todo el gabinete.
1973- El gobierno restituye al Gral. Juan Domingo  Perón el grado de Teniente General y el uso del uniforme."
13-07,"1947- Se sanciona la ley sobre planes siderúrgicos. Queda establecida la Sociedad Mixta Siderúrgica (SOMISA), para producir acero utilizando minerales y combustibles nacionales. El director de Fabricaciones Militares Gral. Savio había dicho: ”Sin la industria del acero, siempre seremos vasallos”. Así mismo se propugna la instalación de plantas para la transformación y terminación de elementos de acero."
15-07,1947- Se crea el Consejo Económico Nacional.
18-07,"1949- Se inaugura el primer tramo del ferrocarril internacional a Bolivia, entre Yacuiba y Villamontes. La vía Férrea unirá la Argentina con Santa Cruz de la Sierra y Sucre.
1950- La Cancillería emite un comunicado con respecto a la guerra de Corea precisando los alcances de la respuesta enviada al secretario General de las Naciones Unidas, aclarando que de ninguna manera implicaba el envío de tropas argentinas."
20-07,"1951- Por Ley, las gobernaciones de Chaco y La Pampa se transforman en provincias argentinas.
1946-  Perón anuncia la repatriación de la deuda externa."
21-07,1947- Evita es recibida en París por el canciller de Francia George Bidault quien le impone la condecoración de la “Legión de Honor”.
22-07,1947-Evita es recibida en París por el Presidente de la República Francesa Vicent  Auriol.
25-07,"1947- El Gral. Perón preside el comienzo de las obras del gasoducto Comodoro Rivadavia – Buenos Aires que se inaugurará  en diciembre del 49.
1947- Evita visita Notre Dame, la Catedral de París, acompañada por el Nuncio Apostólico en Francia , Monseñor Angelo G. Roncalli (futuro Sumo Pontífice Juan XXIII , quien posteriormente fuera cariñosamente apodado “Juan el Bueno”).
1949- Fundación del Partido Peronista."
26-07,"1949- Eva inaugura en el Teatro Cervantes la Primera Asamblea Nacional del Movimiento Femenino Peronista. Se canta por primera vez “Evita Capitana”.
1952- A las 20:25 horas EVITA (33 años) pasa el umbral de la eternidad. La magnitud de sus funerales fueron únicos en la Historia Argentina y se declara Duelo Nacional por 30 días."
27-07,"1944- Una inmensa manifestación popular en apoyo a la digna política internacional del país, el mundo estaba en guerra y el Coronel Perón a cargo del Ministerio inherente semanas antes decía al pueblo: “No importa a la Argentina si los aliados o el eje ganan, pues los poderes interesados gritaran en la mesa de la Paz, para mantener alejadas a las naciones que no hayan participado en la guerra. La Argentina es una Nación satisfecha, y solo aspiramos a nuestra expansión nacional mediante el desarrollo de nuestros recursos y la colocación de nuestros excedentes en diversos mercados mundiales”."
28-07,1957- Ganan los votos en blancos ordenados por Perón (ante la proscripción del justicialismo) en las elecciones para constituyentes convocados por la “revolución libertadora”.
01-08,1947- Evita visita el Principado de Mónaco y recibe del Príncipe Rainiero la Medalla de Oro del Principado.
02-08,"1951- La CGT auspicia la reelección del general Perón para una segunda presidencia, posibilidad que otorga jurídicamente la reforma del 49 a la Constitución Nacional."
06-08,"1945- Es levantado el estado de sitio. El ministro del Interior Hortensio Quijano así lo anuncia al periodismo agregando: ”Como sabrán, he sido expulsado del Partido Radical, donde milité toda mi vida, por colaborar con el gobierno de la Revolución”.
1946-El gobierno del general Perón vía legislativa fija las normas para los precios máximos y sobre el agio y la especulación."
08-08,1961- Derogación decretos Plan Conintes.
09-08,"1947- Perón en Tucumán firma acuerdos limítrofes con Chile.
1947-El gobierno de Perón convierte en Provincias los Territorios Nacionales de Chaco y La Pampa."
10-08,"1970- En el pequeño cementerio de Southampton, Inglaterra, un grupo de 10 compañeros coloca rosas rojas sobre la tumba del Brigadier don Juan Manuel de Rosas, como primer paso de una campaña encaminada a la repatriación de sus restos."
14-08,"1954- Perón visita el Paraguay cumpliendo esta vez un antiguo y postergado acto de justicia, que consistió en la devolución de  los trofeos de Guerra “conquistados” en la Guerra de la Triple Alianza (1865-1870)."
19-08,1948- El gobierno de Perón crea la Universidad Nacional Obrera que luego se transformará en  la Universidad Tecnológica Nacional.
20-08,"1947- En la Conferencia Interamericana para el mantenimiento de la Paz y la Seguridad del continente realizada en el Hotel Quitandinha de Río de Janeiro, los cancilleres le tributan a Eva Perón un emotivo homenaje."
21-08,"1946- La cámara de Senadores  aprueba el proyecto de ley sobre los Derechos Políticos de la Mujer.
1952- Se crea el Instituto Ganadero Argentino.
1953- El gobierno del Gral. Perón sanciona la ley de radicación de capitales extranjeros."
22-08,"DIA DEL RENUNCIAMIENTO DE EVA PERON
1951- Se lleva a cabo el CABILDO ABIERTO DEL JUSTICIALISMO, impresionante manifestación de fuerzas organizada por la CGT con delegaciones de todo el país, a lo largo de la avenida 9 de julio, en la Capital Federal, proclamando la Fórmula Perón-Perón para las elecciones presidenciales del 11 de noviembre. Doscientos aviones civiles sobrevuelan la multitud justicialista calculada en alrededor de 2 millones de personas, el acto más importante realizado hasta la fecha por el peronismo. El binomio Perón-Perón esta referido al general y su esposa.
A fines de agosto, la señora Eva Perón anuncia por radio su “decisión irrevocable y definitivas e renunciar al honor con que los trabajadores y el pueblo de mi patria quisieron honrarme”, dice en un dramático tono, agregando: “Que de mí se diga, cuando se escriba el capítulo maravilloso que la historia seguramente dedicará a Perón, que hubo a su lado una mujer que se dedicaba a llevarle al presidente las esperanzas del pueblo, que luego Perón convertía en realidades, y que a esa mujer el pueblo la llamaba cariñosamente Evita”.
Ante esta renuncia, la candidatura justicialista vuelve a ser Perón-Quijano, como en el 46.
1972- Masacre de 16 presos políticos que habían tomado el penal de Rawson y el aeropuerto de Trelew y fueron detenidos antes de cumplir su objetivo."
23-08,"1947-Evita regresa de su viaje triunfal por España, Italia, Francia, Mónaco, Suiza, Brasil y Uruguay. 
1962- Es secuestrado Felipe Vallese, tenía 23 años era delegado de la  fábrica metalúrgica TEA integrante de la Juventud Peronista y fue el primer secuestrado-desaparecido de la Argentina."
24-08,"1950- El gobierno de Juan Domingo Perón crea  el ente Nacional de Energía, que tendrá a su cargo la ejecución de la política energética nacional.
1953- Queda signado un importante pacto comercial con Hungría, con alcance por 3 años. “Nuestra economía ofrece una situación magnífica”, dice Perón."
27-08,"1970- Es asesinado el dirigente obrero peronista  José Alonso, quien había ocupado numerosos responsabilidades en la conducción de su organización sindical y la CGT, incluyendo el cargo de Secretario General en ambas organizaciones"
28-08,"1948- EVA PERON proclama solemnemente los Derechos de la ancianidad, posteriormente incluidos en la Constitución de 1949."
30-08,"1955- Dirigiéndose al Presidente del Consejo Superior del Partido Peronista, Dr. Alejandro Leloir, el general Perón solicita permiso para presentar su renuncia a la primera magistratura de la República, sosteniendo: “Se condicionaría la actitud de nuestros adversarios y enemigos políticos a mi retiro del gobierno. Siempre he sido un hombre propenso a escuchar, y creo que, aunque estoy en mi puesto por la voluntad de una inmensa mayoría del Pueblo Argentino, cumple a la dignidad del cargo y al honor del hombre, ofrecer mi retiro”."
31-08,"1951- Día del Renunciamiento, EVA PERON escribió para las futuras generaciones el más grande ejemplo de que más allá de las ambiciones personales están los sagrados intereses de la Patria.
1955- Perón ante la multitud que se congrega frente a la Casa Rosada solicitando retire la propuesta de presentar pedido de renuncia a la Presidencia: “Hemos ofrecido la paz y no la han querido. Ahora hemos de ofrecerle la lucha. Este es el ultimo llamado y la ultima advertencia que hacemos a los enemigos del pueblo”.
1994- El Presidente Carlos Menem firmó el Decreto 1537, por el cual se eliminó el Servicio Militar Obligatorio. De esta manera se terminó con 92 años  de conscripción obligatoria y se reemplazó por el servicio militar voluntario."
02-09,"1944- Comienza a operar el Banco de Crédito Industrial y Fomento Minero.
1946- Perón inaugura el primer curso de Elevación Cultural Superior para los agregados obreros a las Embajadas en el Exterior."
03-09,"1946- Se firma la transferencia de  la Compañía Unión Telefónica de la ITT al Estado.
1971-  En la residencia 17 de Octubre de la finca Puerta de Hierro en Madrid por orden de Lanusse el Embajador argentino en España brigadier Jorge Rojas Silveyra, en ceremonia privada, entrega a Perón los restos de Evita que procedían de Italia."
06-09,"1944- El Coronel Juan Domingo Perón, se hace cargo de la Presidencia del Consejo  Nacional Post-Guerra creado por su iniciativa el 25 de agosto del mismo año."
07-09,"1953-Perón inaugura en la Facultad de Derecho la primera Escuela Sindical Universitaria.
1953- Perón asiste a las pruebas del avión “Justicialista del aire”, máquina para 40 pasajeros, equipada con motores también construidos totalmente en la Argentina: “El Indio”, hechos en el IAME de Córdoba."
08-09,"1948-Vía Legislativa, el gobierno del General Perón establece un régimen de arrendamientos y aparcerías rurales."
09-09,1947- Se sanciona la Ley 13010 de los Derechos Políticos de la Mujer (el voto femenino).
10-09,"1948- Por resolución final del Senado se acuerdan derechos electorales a los suboficiales del Ejército.
1953- Hablando en La Falda, Córdoba, durante su inspección a las maniobras militares que realiza el Ejército, el Presidente Perón afirma que en 5 años la Argentina logrará su independencia Industrial."
13-09,"1946- Se firman los contratos de compra de la Unión Telefónica, empresa yanqui de la I.T.T., nacionalizándose los teléfonos. El Estado invierte en la operación unos 400 millones.
Se inician los cursos para agregados obreros en el exterior."
14-09,"1954- Se firma el Estatuto del Docente, que beneficia a 120.000 educadores."
15-09,"1948- El gobierno de Perón establece- vía legislativa- un régimen para la  adopción de menores.
1950- El gobierno –vía legislativa- incorpora al Código de Derecho Penal, las obligaciones, responsabilidades y penalidades derivadas del incumplimiento de las obligaciones y deberes de la asistencia familiar."
16-09,"1955- Golpe de Estado a Perón. Revolución gorila y antiperonista
derroca el gobierno elegido democráticamente del General Perón.
1975- Muere asesinado Atilio López (dirigente sindical peronista de la provincia de Córdoba)."
17-09,"1946- Perón hará un anuncio. ”Como Presidente de los argentinos, me enorgullezco de anticipar un hecho económico trascendental para la patria. Acabamos de suscribir con Inglaterra actas que conducen a la argentinización de los ferrocarriles.
1948- El gobierno de Perón por ley otorga  amplias facultades a Salud Pública –a cargo del Dr. Santiago Carrillo- para combatir las endemias comenzando la gran batallas contra el bocio y el paludismo."
19-09,"1946-Perón establece por ley, la prórroga de los arrendamientos agrícolas, explotaciones tamberas y tierras de pastoreo.
1968- Muere el dirigente justicialista J.W.Cooke."
21-09,1946- El gobierno de Perón establece la suspensión de los juicios y desalojos urbanos.
22-09,1974- Muere el historiador y pensador nacional J.J.Hernandez Arregui.
23-09,"1946-Evita instala su despacho en el Palacio del Consejo Deliberante.
1947- Promulgación de la Ley 13010 del Voto Femenino, EVITA dijo: Mujeres de mi Patria reciban en este instante del Gobierno de la Nación la Ley de nuestros Derechos cívicos, sintiendo que me tiemblan las manos, al contacto del laurel que proclama la victoria.
1950- El gobierno de Perón modifica- vía legislativa- la organización bancaria y suspende la garantía oro en los billetes.
1955-A Raíz del golpe militar que derrocó a Perón, asume el poder el Gral.Lonardi Presidente de facto por imposición de las armas.
1973- Triunfo de la fórmula Perón-Perón por el 62% de los votos.
Perón es elegido Presidente de los argentinos por tercera vez. Lo acompaña en la fórmula como vice María Estela Martínez de Perón."
24-09,1953- El gobierno del General Perón reorganiza el Instituto Nacional de Previsión Social y todas las cajas de Previsión.
25-09,"1948-El gobierno de Perón establece por ley las normas para la protección de los bosques y tierras forestales...
1955- A las 17,20 del domingo el general Perón abandona su patria a bordo de la cañonera Paraguay, de aquel hermano país, rumbo al exilio, de donde regresará 18 años después.
1973-  Es asesinado el dirigente de los metalúrgicos y Secretario General de  la CGT, compañero José Ignacio Rucci."
27-09,"1957-Las 62 organizaciones y otros sindicatos obreros disponen una huelga general que, llegará al máximo hacia el 24 de Octubre, afectando comercio, industria, transportes."
28-09,"1944- El gobierno argentino envía a España un millón de toneladas de trigo.
1947- El gobierno de Juan Perón establece  los subsidios financieros  a la enseñanza privada  por medio de la Ley 13.407 denominada el estatuto del Docente Privado.
1948- Es Ley el nuevo régimen de sueldos para docentes.
1951- Abortado golpe General Benjamín Menéndez. El gran apoyo popular a Perón se traduce en una manifestación obrera que ocupa toda la Plaza de Mayo y calles adyacentes. Perón se traslada a Campo de Mayo, rindiendo homenaje al suboficial caído, cabo mayor Farina, muerto en las acciones que tuvieron por escenario esos cuarteles.
1966- Un grupo de compañeros que se designan de la nueva argentina, desvía un avión de Aerolíneas Argentinas hacia Puerto Stanley, en las Malvinas, donde aterriza izando el pabellón nacional como una manera de reafirmar nuestra soberanía sobre las Islas. La operación que se cumple en 36 horas, es denominada por sus actores Operativo Cóndor. El gobierno de Onganía ordena la detención de los compañeros."
29-09,"1946- El General Perón y Evita colocan en Ensenada la banda de Generala a la Virgen de la Merced.
1948-El gobierno de Perón crea el registro Nacional de las Personas.
1949-El gobierno del Gral. Perón crea por ley el régimen de los partidos políticos.
1949- Se crea dentro del Ministerio de Trabajo  la Dirección Nacional del servicio del Empleo.
1950-El gobierno del Gral. Perón, incorpora  al  Código Civil el Régimen de Propiedad Horizontal.
1950-El gobierno establece por ley el régimen de venta y arrendamiento de las tierras fiscales.
1950-El gobierno crea la dirección de Servicios Sociales para Bancarios.
1954- Perón habla en el local de la CGT, señalando que debe prevenirse toda infiltración extraña en los gremios y pregunta: “¿Qué tiene que ver la religión con los sindicatos?”, agregando: “Así como los trabajadores no se meten con la religión, ésta no debe meterse con la organización sindical”."
02-10,"1953- Perón visita el Paraguay. El pueblo de ese país hermano lo recibe con enormes pruebas de afecto. Su presidente, el Dr. Federico Chávez, mantendrá varias conferencias con el mandatario argentino, procurando la unidad de ambos países. “Buscaremos borrar totalmente nuestras fronteras con el Paraguay”, sostiene Perón."
03-10,"1952- Hablando ante delegados a la Conferencia de Telecomunicaciones: “La Doctrina nuestra que llamamos justicialismo, porque auspicia la creación de un orden justo entre los hombres y la sociedad, entre lo material y lo espiritual, es profundamente cristiana. Por eso no somos individualistas ni somos colectivistas y aspiramos al equilibrio entre los derechos del individuo y los de la sociedad”."
05-10,1954- El gobierno de Perón libra 1.500 Km de caminos hechos en 1.954.
08-10,"NACIMIENTO DEL GENERAL PERON
 
1895- Nace Juan Domingo Perón.
Oficialmente se inscribe en la localidad de Lobos (Provincia de Buenos Aires). Estudios muy recientes de investigadores e historiadores confiables afirman que Perón nació en realidad en la localidad bonaerense de Roque Pérez."
09-10,"1945- Hortensio Quijano, ministro del Interior, anuncia elecciones generales para el mes de abril de 1.946. El Coronel PERON renuncia a todos sus cargos. Fuerzas de Campo de Mayo apuran el retiro de PERON  y se lo confina en la Isla Martín García.
1946- Convenio bilateral con Brasil: caucho crudo y cubiertas, por trigo: 1.200.000 toneladas anuales."
10-10,"1945- Perón renuncia a Farrell a los cargos de Vicepresidente, Ministro de Guerra y Secretario de Trabajo  y Previsión.
Perón –ya sin cargos- se despide de los trabajadores desde las antiguas oficinas de la Secretaría de Trabajo y Previsión en Perú 160.
1947- Perón anuncia que un flagelo nacional de vieja data, la langosta, va a ser combatida en sus orígenes desde el desove y por métodos científicos. La importancia de la medida queda clara en un solo dato: el acridio afecta 1 millón de hectáreas por año."
10-10,"1945-  En los altos Hornos de Zapla (Jujuy), se realiza la primera colada de arrabio argentino."
12-10,"1953- Perón recibe del gobierno nicaragüense el Collar de la Orden de Ruben Darío.
1963- Acto peronista donde es escuchada la voz grabada de el General Perón.
1973- Asume Perón como Presidente por tercera vez, con el mayor apoyo electoral que se haya dado jamás en el País."
13-10,"1945- El Coronel Perón es recluído en un buque de guerra por orden del Presidente Edelmiro J. Farrel y posteriormente trasladado a la isla Martín García por orden del  Ministro de Marina, Vicealmirante Héctor Vernengo Lima."
15-10,"1944- El Coronel Juan Domingo Perón anuncia la sanción del Estatuto del Peón.
1951-  En un acto solemne , pero con la ausencia de Evita muy enferma, se presenta su obra “La Razón de mi Vida”."
17-10,"DIA DE LA LEALTAD
El pueblo trabajador rescata a su líder, el Coronel Perón. El pueblo irrumpe para siempre como protagonista central de la historia argentina. Se va produciendo la transformación de una masa de desposeídos en un pueblo en marcha.
1945-Huelga espontánea por la libertad del Líder. Cerca de la medianoche aparece en los balcones de la Casa de Gobierno el Coronel PERON. Una inmensa ovación lo saluda, y la multitud enciende antorchas con diarios retorcidos iluminando la noche de la ciudad. Por fin  se oye la voz del hombre: “Es esta una verdadera fiesta de la democracia, representada por un pueblo que marcha a pié para que se cumpla con el deber de salvar el derecho del verdadero pueblo. Sé que se habían anunciado movimientos obreros. No existe ya causa para ellos. Como hermano mayor, les pido que retornen tranquilos a su trabajo, que regresen a sus casas, y, por esta vez ya que pude decirlo como Secretario de Trabajo y Previsión, les pido que hagan un día de paro festejando la gloria de esta reunión de hombres de bien y de trabajo, que son la esperanza más pura y cara de la Patria”.
Como los manifestantes le preguntaron a coro dónde estuvo, él responderá: “Eso no importa. Ya pasó. Ahora, debemos mirar para adelante”. Y al fin dirá: ”Solo les pido que se queden unos minutos más en esta plaza, para grabar en mis ojos y en mi corazón este espectáculo inolvidable para que me sirva de apoyo en los días que vendrán”.
1946- En la multitudinaria concentración de Plaza de Mayo, Evita  se dirige por primera vez a los descamisados.
1950-PERON desde los balcones de la Casa de Gobierno lee a una multitud reunida en la Plaza de Mayo, las veinte verdades del Peronismo.  1ra) “La verdadera democracia es aquella donde el gobierno hace lo que el pueblo quiere y defiende un solo interés: el del pueblo”.
1950-Desde los balcones de la Casa Rosada, el Gral. Perón anuncia las 20 verdades del justicialismo.
1951-El último 17 de octubre que vería EVITA, el Secretario General de la Confederación General del Trabajo,  José espejo le impone la Gran Medalla  de la Lealtad Peronista en grado extraordinario.
1951- se inaugura la Televisión Argentina.
1953-El General Juan Domingo Perón, desde los balcones de la Casa Rosada anuncia los postulados de la Tercera Posición.
1963- Se permite la realización de un acto justicialista donde se escucha la voz de Perón, quien anuncia su regreso antes de finalizar el año. Al culminar la manifestación  fue violentamente reprimida."
18-10,"1945- Paro total en todo el país en favor del Coronel PERON
1950-La CGT inaugura su nueva sede, Azopardo e Independencia."
21-10,"1946- Perón expone ante el Congreso los alcances del 1er Plan Quinquenal: abarca tareas, construcciones y proyectos sobre petróleo, gas, combustibles, minerales, agua y energía eléctrica, obras sanitarias, navegación y puertos."
23-10,1945- Se termina de organizar el Partido Laborista.
25-10,1951- Se inauguran en la Capital federal las obras de la ciudad estudiantil.
26-10,"1944-se inaugura el consejo Nacional de Estadística y Censo.
1949- Es librado al vuelo comercial, el monumental aeródromo nacional de Ezeiza Ministro Pistarini, otra obra del plan quinquenal."
27-10,"1943- Perón es designado y asume como Director del Departamento Nacional del Trabajo.
1945- Se realiza el matrimonio por civil entre el Coronel Juan Domingo Perón y Eva Duarte en la localidad de Junín (Provincia de Buenos Aires).
1951- Se inaugura la Ciudad Estudiantil, obra de la Fundación Eva Perón. Son 5 manzanas que comunican con la ciudad infantil aledaña. Su concepción es única en el mundo. Cada alumno tendrá su habitación y baño; cada pabellón sala de estudio, biblioteca, comedor, etc."
28-10,"1945-Se crea la Unión Cívica Radical – Junta Renovadora bajo la conducción del Dr. Jacinto Hortensio Quijano.
54- Acuerdo con las empresa Fiat, Deutz y Hanomag, las que instalarán fábricas de tractores en el país. Tendrán una capacidad de producción mínima anual de 12.800 máquinas."
29-10,"1950-El Presidente Gral. Perón y Evita, participan en Rosario del V° Congreso Eucarístico Nacional."
30-10,1964- Las 62 Organizaciones Peronistas reconstruyen el espacio sindical  identificado con Perón.
02-11,1955- Perón abandona el Paraguay hacia adonde se había dirigido al cabo de su derrocamiento. El 5 llega a Caracas y sigue a Panamá.
03-11,"1947- El P.E. adquiere el frigorífico Smithfield, en Zárate, por medio de CAP - empresa estatal -,”fortaleciendo a ésta para defender los intereses de la ganadería argentina”, dice Miranda, presidente del Consejo Económico.
1951-Se cancela la campaña electoral Justicialista, como un homenaje a Evita, al ser internada en el Policlínico de Avellaneda, para someterse a una intervención quirúrgica"
07-11,1951- El Doctor Ricardo Finocchietto opera a Evita.
09-11,"1951- Evita hablará por radio, en un mensaje grabado con anterioridad: ”Hay que ganar por abrumadora mayoría, para que de una vez por todas se convenzan que Perón y pueblo son una misma cosa”."
10-11,"1944- El Coronel Perón preside la inauguración de las obras del Policlínico Ferroviario, comenzando la construcción de los grandes establecimientos dedicados a la salud."
11-11,"1951- Triunfa Perón-Quijano por el 62% de los votos sobre Balbin-Frondizi. Primer voto femenino. Evita vota desde su lecho de enferma.
1958- Frondizi decreta el Estado de Sitio."
12-11,"1863- Muere el caudillo montonero “Chacho” Peñaloza.
 
1980- Muere Rodolfo Puiggrós, historiador y pensador nacional."
13-11,"1945- El Gobierno resuelve anticipar los comicios para el día 24 de febrero del 46.
1945-Se “argentinizan”  20 importantes empresas alemanas entre ellas Siemens, AEG y Bayer.
1955- Cae Lonardi, asume Aramburu."
14-11,1947- El General Perón recibe el título de Dr. Honoris Causa de la Universidad Argentina. Diserta sobre : “La Cultura nacional y por una Universidad señera y señora”
15-11,"1951- Conmovedor desfile de antorchas rogando por la salud de la  “compañera Evita”, alrededor del edificio de la residencia presidencial de Av. Del Libertador y Agüero.
1953-El Gral. Juan Domingo Perón apadrina la coronación de la Virgen de Luján en Plaza de Mayo.
1954- Quedan suprimidos los exámenes de ingreso para la enseñanza media."
16-11,"1955- El gobierno de facto de Aramburu interviene la Central Obrera. Un personaje que se hará persistente , jura como Ministro de Industria: Alvaro Alsogaray, que en 1948 fuera presidente de la Flota Aérea Mercante."
17-11,"REPATRIACION DE LOS RESTOS DE EVA PERON
1972- Vuelta de Perón a la Argentina, después de 18 años de exilio, una movilización masiva rompe tranqueras y salta alambrados para reencontrarse con su líder en Ezeiza, permaneció 30 días en el país y regresó posteriormente a Madrid. En una casa de la calle Gaspar Campos , cercana a la quinta presidencial de Olivos, Perón recibe a toda la dirigencia política y social del país, recompone la estrategia y fija los criterios políticos que habrán de conducir al peronismo a un triunfo rotundo el 11 de marzo de 1973."
18-11,1965- La Suprema Corte de Justicia de la Nación  revoca la sentencia que negaba la personería jurídica al Partido Justicialista.
20-11,"1953- Se otorgan nuevos préstamos hipotecarios para vivienda, con planes de pago de hasta 50 años.
1955-Es disuelto el Partido Peronista, prohibida su Marcha, confiscados sus locales por el gobierno del Gral. Pedro Eugenio Aramburu."
21-11,1946- Se da a conocer el Primer Manifiesto del Partido Unico de la Revolución.
22-11,1946- El Gral. Juan Domingo Perón  suspende el cobro de los aranceles universitarios.
26-11,"1943- Se crea la Secretaría de Trabajo y Previsión, en reemplazo del obsoleto Departamento de Trabajo; es nombrado en su titularidad el Coronel Perón."
27-11,"1946-El Gral. Juan Domingo Perón desde el Teatro Colón, hace a primera  referencia a una “tercera posición”.
1949- Triunfo Peronista en elecciones provinciales de Salta y Jujuy."
29-11,Juan Domingo Perón clausura en el teatro Colón el Primer Congreso de la Confederación General Universitaria (CGU).
30-11,1955- La Dictadura de Aramburu ordena la disolución del Partido Peronista.
01-12,"1951- Perón anuncia el 2do Plan Quinquenal, un ambicioso proyecto que busca el autoabastecimiento del país en más de 800 objetivos vitales.
1965-  Perón intenta regresar al país, pero a instancias del Presidente Illia de la Unión Cívica radical, es detenido en Río de Janeiro (Brasil) y obligado regresar a España."
02-12,"1943- PERON asume en la Secretaria de Trabajo y Previsión, y dice: “Llegaré hasta el límite de la resistencia humana para cumplir mi compromiso con ustedes”. En un mensaje radiofónico anuncia los propósitos de la nueva Secretaría  y afirma que inaugura la era de “la Política Social de la Argentina”
1944-El dirigente de los Mercantiles Angel Borlenghi organiza una gran concentración para agradecer al gobierno de Perón la sanción de la ley de jubilación de los empleados de Comercia promovida por iniciativa del Coronel Perón.
1947- Clausura del Congreso Constituyente del Partido Peronista y sanción de su primera carta orgánica, en el Salón Augusteo.
1954- Perón asiste a la puesta en marcha del primer ciclotrón construido en el país, por la Comisión Nacional de la Energía Atómica, en la facultad de Ingeniería del Litoral.
1964- En un avión de Iberia, el ex presidente Perón regresa a la argentina en compañía de Framini y la Señora de Parodi entre otros. El vuelo no pasa de Brasil, donde la máquina es detenida durante 15 horas al cabo de las cuales se le impide continuar el vuelo hacia nuestro país. Perón es obligado a regresar a España."
04-12,"1944- Firma el P.E. el régimen de jubilación para los empleados de Comercio. Esto dará motivo para una importante manifestación de los beneficiados, en cuyo acto hablará el secretario general del organismo gremial Angel Borlenghi.
1953- El gobierno del Gral. Perón convierte en provincia el territorio Nacional de Misiones."
05-12,"1948- Triunfo electoral del peronismo en todo el país en los comicios para elegir 158 diputados constituyentes, diputados y electores para senadores. Aún no votan las mujeres."
07-12,1945-Obtiene su Personería Jurídica el Partido Laborista y la Unión Cívica Radical – Junta Renovadora.
08-12,"1951- Evita dirá por radio: ”Otra vez estoy con Ustedes”, reasumiendo, al parecer, sus tareas habituales frente de la Fundación que lleva su nombre."
09-12,1949- El gobierno expropia 28.00 hectáreas en la Provincia de Buenos Aires para entregarlas en colonización. Las tierras pertenecían al latifundio “Santa Rosa Estancias.
10-12,1945- El Coronel Juan Domingo Perón  y Evita contraen matrimonio  religioso en la Parroquia de San Francisco de la ciudad de La Plata.
11-12,"1953- Botadura del primer buque patrullero. Es el  “Azopardo”, y ha sido hecho totalmente en los astilleros de la Base Naval de Río Santiago."
12-12,"1945-En la Plaza de la República se realiza el acto de proclamación del laborismo. Discurso doctrinario del candidato Coronel Juan Domingo Perón.
1973- Perón asume la tercera Presidencia."
14-12,"1972- Viaja el General PERON de regreso a España, después de permanecer un mes en la Argentina."
15-12,"1944- El Coronel Juan Domingo Perón pone en posesión al primer directorio del Instituto Nacional de Previsión Social..
1972- El FREJULI proclama la fórmula HECTOR CAMPORA-VICENTE SOLANO LIMA para el acto comicial de marzo de 1973 lo que significaba “CAMPORA al Gobierno PERON al Poder”."
16-12,1949- El gasoducto Comodoro Rivadavia-Buenos Aires comienza a funcionar. Se resuelve levantar la ciudad universitaria en Córdoba.
16-12,1982- Muere Dalmiro Flores.
17-12,"1946- Compra de los FF.CC franceses.
1953- El gobierno del Gral. Perón, por vía legislativa , organiza las Asociación Profesionales de Empleadores."
20-12,"1945- Se crea el Instituto de Remuneraciones, y se establecen el salario mínimo y aguinaldo. Alfredo Palacios, la FUA y la Unión Democrática repudian y rechazan  estas medidas de Justicia Social.
1954- Queda votada la Ley de jubilación para empresarios y trabajadores independientes."
21-12,"1947- Perón presenta al Congreso el Primer Plan Quinquenal.
1951- El 2° Plan Quinquenal de Gobierno se convierte en ley de la Nación.
1973- En la Casa de Gobierno, Perón anuncia la puesta en marcha del Plan Trienal de Gobierno (1973-77)"
22-12,"1946- El Gobierno del General Perón crea  la Dirección General Impositiva.
1971- El  General Lanusse anuncia en conferencia de prensa: “el señor Juan Domingo Perón puede volver al país cuando quiera”.
Rogelio Frigerio en el Ateneo de los Universitarios de Buenos Aires sostiene que “Perón sigue siendo el mayor caudillo nacional del presente y que la línea histórica que lo ubica junto a Rosas e Yrigoyen es cada día más justa”."
27-12,1945- Las fuerzas vivas (“Unión Democrática”) en asamblea resuelve “resistir el decreto sobre aguinaldo y aumento de sueldos”.
29-12,"1949- Aplícase a los herederos de Otto Sebastián Bemberg 97 millones de multa por ocultamiento de bienes, según sentencia del Juez en lo Civil Dr: Ismael Segovia.
1976- Secuestran y nunca más aparece el sindicalista peronista Jorge Di Pasquale"
31-12,"1950-El General Juan Domingo Perón clausura en Mendoza el Congreso Nacional de Historia del Libertador General san Martín y cierra el año Sanmartiniano.
1951- Al terminar el año aparece el libro LA RAZON DE MI VIDA , escrito por Eva Perón."